DEPTH;WOB ;RPM;ROP_AVG;MFRI;MWI
48;0;40;9,10;764;63,648
49;0;40;2,40;846;63,648
50;1100;40;26,10;845;63,648
51;1000;40;10,20;854;63,648
52;5200;40;2,40;847;63,648
53;4100;40;1,10;827;63,648
54;900;40;0,80;831;63,648
55;900;40;1,90;836;63,648
56;4100;40;1,20;833;63,648
57;7300;40;0,90;828;63,648
58;4100;39;0,80;830;63,648
59;3000;39;2,20;744;63,648
60;4000;39;2,60;844;63,648
61;5100;39;3,50;848;63,648
62;1000;39;2,50;851;63,648
63;1900;39;0,90;848;64,272
64;1900;39;2,30;848;64,272
65;1900;39;2,90;852;64,272
66;1900;39;2,70;847;64,272
67;1000;39;2,10;857;64,272
68;1900;39;2,60;856;64,272
69;1000;39;2,30;856;64,272
70;1900;39;2,50;855;64,272
71;3000;39;2,90;850;64,272
72;1900;39;1,80;855;64,272
73;5100;39;1,00;852;64,272
74;3000;39;0,90;852;64,272
75;5100;39;0,70;853;64,272
76;6200;39;0,70;852;64,272
77;7200;39;0,90;851;64,272
78;10400;39;1,20;844;64,272
79;8300;39;0,70;844;64,272
80;12500;39;0,70;844;64,272
81;12500;39;0,70;844;64,272
82;10400;39;0,40;843;64,272
83;6200;39;0,40;845;64,272
84;10400;39;0,50;844;64,272
85;11500;39;0,40;844;64,272
86;9300;39;0,40;843;64,272
87;10500;41;0,40;837;64,272
88;8300;41;1,30;837;64,272
89;11500;41;0,50;834;64,272
90;12600;41;0,50;834;64,272
91;15700;41;0,40;828;64,272
92;12600;41;0,20;833;64,272
93;12600;48;0,20;907;64,272
94;14700;40;0,20;853;64,272
95;10500;39;0,20;854;64,272
96;12600;39;0,20;817;64,272
97;11500;41;0,20;853;64,272
98;12600;40;0,20;861;64,272
99;11500;40;0,20;854;64,272
100;15700;40;0,30;848;64,272
101;12600;40;0,30;877;64,272
102;13600;40;0,30;846;64,272
103;16800;40;0,30;847;64,272
104;11500;39;0,20;857;64,272
105;19300;39;0,20;849;64,272
106;21500;39;0,30;855;64,272
107;22500;39;0,30;855;64,272
108;23600;41;0,30;864;64,272
109;21500;41;0,30;864;64,272
110;21500;41;0,30;851;64,272
111;21500;41;0,40;847;64,272
112;19300;41;0,50;851;64,272
113;19300;41;0,50;850;64,272
114;22500;41;0,60;857;64,272
115;19300;40;0,30;856;64,272
116;23600;39;0,40;839;64,272
117;20400;39;0,30;862;64,272
118;23600;39;0,30;857;64,272
119;15100;41;0,40;861;64,272
120;17200;41;0,30;861;64,272
121;20400;41;0,20;857;64,272
122;22500;41;0,30;853;64,272
123;21500;41;0,40;858;64,272
124;21500;39;0,30;866;64,272
125;22500;40;0,30;863;64,272
126;19300;38;0,30;864;64,272
127;17200;38;0,30;863;64,272
128;22500;38;0,40;852;64,272
129;23600;38;0,40;852;64,272
130;21500;38;0,30;849;64,272
131;21500;38;0,30;851;64,272
132;21500;39;0,40;854;64,272
133;16600;41;0,20;895;64,272
134;19800;41;0,30;896;64,272
135;20900;41;0,30;881;64,272
136;21900;49;0,20;894;64,272
137;20900;41;0,30;892;64,272
138;20900;41;0,50;891;64,272
139;20800;40;0,30;882;64,272
140;17600;40;0,30;878;64,272
141;18700;38;0,30;877;64,272
142;20800;41;0,30;878;64,272
143;24000;41;0,40;873;64,272
144;22900;41;0,40;873;64,272
145;22900;41;0,30;866;64,272
146;24000;41;0,30;868;64,272
147;19800;41;0,40;876;64,272
148;20900;40;0,40;874;64,272
149;22900;40;0,40;876;64,272
150;24000;41;0,30;876;64,272
151;24000;41;0,40;873;64,272
152;27200;40;0,40;868;64,272
153;26100;41;0,40;867;64,272
154;25000;41;0,60;867;64,272
155;11300;41;0,80;873;64,272
156;11300;51;0,70;882;64,272
157;4900;44;1,00;881;64,272
158;8100;50;1,10;882;64,272
159;7000;39;1,00;912;64,272
160;2800;41;0,70;921;64,272
161;7000;42;0,80;913;64,272
162;8100;52;1,20;938;65,52
163;7000;53;1,10;935;65,52
164;3900;53;0,50;945;65,52
165;4900;53;0,90;943;65,52
166;6000;53;1,20;940;65,52
167;2400;0;3,30;921;65,52
168;7900;0;2,00;906;65,52
169;33300;0;1,30;905;65,52
170;10000;0;1,30;825;65,52
171;8900;0;1,10;900;65,52
172;4700;0;1,00;909;65,52
173;11000;52;1,60;898;65,52
174;8900;53;2,30;898;65,52
175;12100;53;2,10;898;65,52
176;11000;53;2,20;901;65,52
177;8900;52;2,80;898;65,52
178;7900;52;2,70;916;65,52
179;14200;53;1,60;889;65,52
180;11000;52;2,90;889;65,52
181;11000;53;2,70;897;65,52
182;8900;52;2,30;900;65,52
183;11000;53;2,70;902;65,52
184;8900;53;2,50;891;65,52
185;6800;53;2,10;895;65,52
186;6800;53;1,90;889;65,52
187;11000;52;3,50;887;65,52
188;6800;53;3,70;886;65,52
189;7900;52;2,80;891;65,52
190;8900;53;2,50;887;65,52
191;6800;53;2,30;894;65,52
192;10000;53;2,60;890;65,52
193;13100;52;2,70;898;65,52
194;9000;54;0,70;880;65,52
195;7900;54;1,90;879;65,52
196;14000;0;1,10;875;65,52
197;14000;0;1,20;879;65,52
198;15100;0;1,40;878;65,52
199;16100;0;1,30;874;65,52
200;15100;0;1,40;879;65,52
201;15100;0;1,00;872;65,52
202;16100;0;1,10;875;65,52
203;18300;0;1,40;873;65,52
204;17200;0;1,80;866;65,52
205;20400;0;2,40;869;65,52
206;18300;0;2,70;865;65,52
207;16100;0;3,00;866;65,52
208;10900;51;2,10;864;65,52
209;13000;51;2,10;865;65,52
210;13000;51;2,30;870;65,52
211;14000;60;2,40;907;65,52
212;17200;60;2,60;903;65,52
213;17200;60;3,30;895;65,52
214;9800;60;3,50;901;65,52
215;16100;60;3,50;895;65,52
216;19300;60;2,90;895;65,52
217;20400;60;2,60;893;65,52
218;20400;60;1,80;893;65,52
219;21400;60;1,80;895;65,52
220;19300;60;2,90;895;65,52
221;21100;66;1,40;896;65,52
222;16900;37;0,80;900;65,52
223;19000;60;0,70;899;65,52
224;21100;60;0,70;906;65,52
225;20000;60;0,70;910;65,52
226;16900;60;0,60;915;65,52
227;22100;47;0,60;897;65,52
228;17900;51;0,60;902;65,52
229;22100;51;0,70;897;65,52
230;22100;51;0,90;887;65,52
231;16900;51;1,40;877;65,52
232;15800;51;2,90;877;65,52
233;21100;51;1,20;887;65,52
234;21100;51;0,90;891;65,52
235;19000;51;1,40;891;65,52
236;23200;51;0,90;900;65,52
237;9400;51;1,00;891;65,52
238;10500;51;1,80;896;65,52
239;10500;51;0,80;881;65,52
240;22100;51;0,90;876;65,52
241;14700;51;1,00;880;65,52
242;17900;51;2,30;877;65,52
243;17900;51;3,20;877;65,52
244;15800;51;2,60;886;65,52
245;14900;51;2,30;877;65,52
246;11700;51;2,50;880;65,52
247;14900;51;2,20;879;65,52
248;21900;0;1,60;857;65,52
249;16600;0;1,20;861;65,52
250;18700;0;1,10;860;65,52
251;14500;0;1,00;862;65,52
252;17700;0;0,90;871;65,52
253;20900;0;0,80;867;65,52
254;18700;0;1,10;862;65,52
255;14600;51;1,50;865;65,52
256;11400;51;2,40;858;65,52
257;16700;51;2,40;856;65,52
258;15700;51;2,20;856;65,52
259;15700;51;2,10;854;65,52
260;15700;51;2,80;859;65,52
261;14600;51;2,50;853;65,52
262;19900;51;2,10;858;65,52
263;21000;51;1,00;846;65,52
264;17800;51;1,40;850;65,52
265;21000;51;1,40;843;65,52
266;16700;51;1,50;855;65,52
267;15700;51;1,50;852;65,52
268;15700;51;1,70;844;65,52
269;18900;51;1,50;848;65,52
270;17800;60;1,30;848;65,52
271;18900;60;1,20;850;65,52
272;19900;50;0,80;851;65,52
273;21000;50;0,90;849;65,52
274;18900;50;1,20;846;65,52
275;19600;62;0,90;855;65,52
276;20700;62;0,80;854;65,52
277;19600;62;0,90;858;65,52
278;22800;62;0,80;855;65,52
279;23900;62;0,70;845;65,52
280;26000;62;0,90;853;65,52
281;19600;62;1,20;845;65,52
282;26000;62;1,50;843;65,52
283;24900;61;1,50;841;65,52
284;26000;62;1,20;844;65,52
285;23900;62;1,10;903;65,52
286;26000;61;1,00;904;65,52
287;27000;59;0,80;907;65,52
288;28100;59;0,90;896;65,52
289;33400;59;1,30;905;65,52
290;31300;60;0,90;908;65,52
291;26000;60;0,80;906;65,52
292;24900;60;0,70;904;65,52
293;22800;60;0,80;904;65,52
294;17500;60;1,10;905;65,52
295;19600;60;0,90;905;65,52
296;24900;60;0,70;904;65,52
297;22800;60;0,70;904;65,52
298;21700;60;0,90;905;65,52
299;23900;60;1,00;904;65,52
300;19600;60;0,90;904;65,52
301;23900;60;1,20;896;65,52
302;15400;60;1,20;896;65,52
303;22800;60;1,20;884;65,52
304;18600;60;0,80;886;65,52
305;21700;60;0,70;885;65,52
306;21700;60;0,90;878;65,52
307;22200;60;0,60;889;65,52
308;21200;60;0,70;888;65,52
309;27400;60;0,90;880;65,52
310;26400;60;1,00;871;65,52
311;24300;60;1,40;866;65,52
312;26400;60;3,10;854;65,52
313;23300;60;3,60;863;65,52
314;20200;60;3,60;867;65,52
315;22200;60;3,00;868;65,52
316;18100;60;3,90;878;65,52
317;21200;60;3,20;868;65,52
318;23300;60;2,80;855;65,52
319;23300;60;3,00;852;65,52
320;10900;60;2,50;867;65,52
321;27400;60;1,60;871;65,52
322;25300;60;0,90;882;65,52
323;21200;59;1,90;893;65,52
324;11900;59;3,20;906;65,52
325;9800;59;4,80;902;65,52
326;11900;59;3,00;893;65,52
327;26400;58;2,30;905;65,52
328;27400;57;1,40;913;65,52
329;28400;56;1,00;913;65,52
330;30400;0;0,60;872;65,52
331;34500;0;0,50;873;65,52
332;37600;0;0,50;868;65,52
333;32500;0;0,60;867;65,52
334;30400;62;1,00;900;65,52
335;30400;62;1,10;899;65,52
336;28400;62;1,40;898;65,52
337;28400;62;2,20;891;65,52
338;28400;62;3,00;880;65,52
339;21100;62;3,90;888;65,52
340;16000;62;3,10;894;65,52
341;21100;62;2,70;888;65,52
342;21100;62;2,80;886;65,52
343;16000;62;3,00;896;65,52
344;19100;62;2,90;893;65,52
345;21100;62;2,90;888;65,52
346;20100;62;3,10;886;65,52
347;20100;62;3,00;888;65,52
348;12900;60;2,30;890;65,52
349;19000;60;2,30;882;65,52
350;20000;62;2,20;870;65,52
351;23100;62;1,70;905;65,52
352;26200;62;2,20;900;65,52
353;21000;62;2,60;898;65,52
354;20000;62;3,20;899;65,52
355;23100;62;2,90;894;65,52
356;24100;62;2,20;895;65,52
357;27200;59;2,00;901;65,52
358;30200;59;2,40;894;65,52
359;28200;59;2,00;893;65,52
360;23000;59;2,00;903;65,52
361;25100;59;2,00;899;65,52
362;28200;59;2,00;900;65,52
363;29200;59;1,70;890;65,52
364;30200;59;1,60;889;65,52
365;29200;59;1,60;890;65,52
366;31300;59;2,10;884;65,52
367;30200;59;1,90;898;65,52
368;27100;59;2,30;888;65,52
369;31300;59;2,30;886;65,52
370;31300;59;1,90;882;65,52
371;30200;59;2,10;879;65,52
372;31300;59;2,30;881;65,52
373;30200;59;2,00;881;65,52
374;27100;59;1,60;890;65,52
375;22000;59;1,70;888;65,52
376;20900;59;2,30;892;65,52
377;18900;59;2,50;894;65,52
378;24000;59;2,40;880;65,52
379;15800;59;2,80;890;65,52
380;18900;59;2,60;884;65,52
381;20900;59;2,20;877;65,52
382;23000;59;2,10;877;65,52
383;24000;59;2,00;879;65,52
384;24000;59;2,20;881;65,52
385;24000;59;2,40;877;65,52
386;24000;0;1,20;872;65,52
387;26100;0;1,40;872;65,52
388;28200;0;1,40;872;65,52
389;30200;0;1,20;866;65,52
390;25100;0;1,20;867;65,52
391;32300;0;1,30;866;65,52
392;30200;0;1,30;866;65,52
393;27100;47;1,40;887;65,52
394;27100;47;2,00;887;65,52
395;24000;47;2,10;887;65,52
396;24000;50;1,80;897;65,52
397;23000;50;1,50;881;65,52
398;26100;50;1,30;877;65,52
399;26100;50;1,70;874;65,52
400;20900;50;2,30;888;65,52
401;26100;50;1,60;889;65,52
402;27100;50;1,10;892;65,52
403;30200;50;1,20;881;65,52
404;27100;50;1,30;886;65,52
405;30200;50;1,40;886;65,52
406;29200;50;1,80;905;65,52
407;31300;50;2,00;899;65,52
408;30200;50;2,60;898;65,52
409;28200;50;2,60;906;65,52
410;25100;50;2,40;905;65,52
411;20900;50;2,30;918;65,52
412;17800;50;2,80;927;65,52
413;23000;50;2,40;953;65,52
414;20900;50;1,90;917;66,144
415;22900;50;2,60;912;66,144
416;22900;50;2,30;914;66,144
417;16800;50;2,40;909;66,144
418;10600;50;2,80;919;66,144
419;19800;50;3,30;913;66,144
420;24000;50;2,30;918;66,144
421;22900;50;1,80;918;66,144
422;29100;50;1,60;904;66,144
423;27100;50;1,90;758;66,144
424;27100;50;1,90;562;66,144
425;27100;50;1,90;950;66,144
426;26000;50;1,80;956;66,144
427;30200;50;2,10;920;66,144
428;28100;50;2,00;921;66,144
429;29100;50;1,70;919;66,144
430;29100;50;1,50;921;66,144
431;26000;50;1,60;920;66,144
432;27100;50;1,80;921;66,144
433;27100;50;1,90;922;66,144
434;25000;50;1,90;921;66,144
435;25000;50;2,90;920;66,144
436;22900;50;2,70;920;66,144
437;26000;50;2,80;921;66,144
438;28100;50;3,10;905;66,144
439;25000;50;3,20;907;66,144
440;26000;50;3,00;906;66,144
441;19800;50;2,80;925;66,144
442;24000;50;2,40;918;66,144
443;24900;50;2,10;853;66,144
444;27000;50;2,30;866;66,144
445;23900;50;2,30;895;66,144
446;27000;50;2,60;898;66,144
447;29100;50;2,30;898;66,144
448;27000;50;1,80;909;66,144
449;26000;50;2,00;908;66,144
450;24900;50;1,90;914;66,144
451;24900;63;1,60;909;66,144
452;24900;63;2,20;907;66,144
453;26000;63;2,20;902;66,144
454;27000;63;2,60;893;66,144
455;27000;63;2,30;896;66,144
456;23900;63;2,00;898;66,144
457;23900;63;2,40;896;66,144
458;29100;63;3,10;895;66,144
459;24900;63;2,20;894;66,144
460;28000;63;1,80;890;66,144
461;28000;63;1,90;898;66,144
462;28000;63;2,70;890;66,144
463;31100;49;2,30;890;66,144
464;27000;49;2,30;898;66,144
465;29100;49;2,80;892;66,144
466;28000;49;2,90;892;66,144
467;30100;49;3,00;897;66,144
468;29100;49;3,30;895;66,144
469;31100;49;2,40;896;66,144
470;29100;49;2,10;897;66,144
471;27000;88;2,90;933;66,144
472;9400;62;4,40;909;66,144
473;29000;62;2,70;894;66,144
474;28000;62;2,90;894;66,144
475;26900;62;3,10;891;66,144
476;26900;62;2,70;895;66,144
477;26900;62;2,60;895;66,144
478;26900;62;2,40;892;66,144
479;26900;62;2,30;892;66,144
480;30000;62;2,40;891;66,144
481;29000;62;1,70;895;66,144
482;30000;62;2,30;882;66,144
483;28000;62;2,40;889;66,144
484;28000;62;2,00;892;66,144
485;28000;62;2,60;895;66,144
486;29000;62;2,40;892;66,144
487;29000;62;1,60;902;66,144
488;28000;62;1,70;899;66,144
489;30000;64;1,50;897;66,144
490;28000;64;1,40;902;66,144
491;31100;60;1,00;900;66,144
492;31100;61;1,00;898;66,144
493;30000;60;1,10;901;66,144
494;33100;60;0,90;902;66,144
495;29000;59;0,90;892;66,144
496;24900;60;1,00;894;66,144
497;25900;60;1,10;902;66,144
498;24900;60;1,40;910;66,144
499;29000;60;1,90;898;66,144
500;28000;60;1,60;895;66,144
501;32100;60;1,60;890;66,144
502;32100;60;1,00;896;66,144
503;30000;60;0,90;900;66,144
504;31100;60;0,90;900;66,144
505;31100;60;1,00;897;66,144
506;26900;60;1,10;901;66,144
507;22800;60;1,30;900;66,144
508;26900;60;0,90;899;66,144
509;24900;60;0,70;900;66,144
510;24900;60;0,70;913;66,144
511;9500;52;2,30;786;66,144
512;11500;52;0,70;786;66,144
513;13600;52;0,70;794;66,144
514;9500;52;1,30;798;66,144
515;14600;52;1,40;786;66,144
516;13600;52;1,00;806;66,144
517;9500;52;1,40;806;66,144
518;13600;52;1,00;801;66,144
519;11500;52;1,10;809;66,144
520;11500;52;1,50;806;66,144
521;12600;52;1,20;798;66,144
522;14600;52;1,10;810;66,144
523;15700;62;1,30;802;66,144
524;15700;62;1,50;796;66,144
525;19700;61;1,70;800;66,144
526;21800;61;2,10;792;66,144
527;18700;61;1,90;792;66,144
528;15600;61;1,60;792;66,144
529;16600;61;2,00;793;66,144
530;16600;61;2,00;793;66,144
531;17700;61;2,40;792;66,144
532;18700;61;1,10;792;66,144
533;17700;61;1,80;793;66,144
534;16600;52;1,60;793;66,144
535;19700;52;2,30;797;66,144
536;16600;52;2,90;792;66,144
537;16600;52;3,40;794;66,144
538;25900;62;4,20;781;66,144
539;21800;62;4,90;780;66,144
540;5300;62;3,30;790;66,144
541;13500;62;2,40;780;66,144
542;13500;62;2,60;825;66,144
543;19700;62;3,00;852;66,144
544;20800;62;3,50;852;66,144
545;9400;62;3,50;857;66,144
546;17700;62;3,10;853;66,144
547;16600;62;3,70;852;66,144
548;15600;62;3,30;852;66,144
549;17700;62;3,20;848;66,144
550;19700;62;2,90;849;66,144
551;10400;62;2,40;856;66,144
552;12500;62;2,90;856;66,144
553;12500;62;2,80;856;66,144
554;16700;0;2,30;945;66,144
555;24900;0;3,30;943;66,144
556;23900;0;0,40;946;66,144
557;23900;0;0,40;947;66,144
558;23900;0;0,40;946;66,144
559;21800;0;0,60;945;66,144
560;23900;0;0,70;831;66,144
561;23900;59;0,60;948;66,144
562;22900;59;1,20;950;66,144
563;23900;59;1,10;945;66,144
564;20800;59;0,90;950;66,144
565;22900;59;0,70;954;66,144
566;16700;59;1,00;949;66,144
567;16700;59;1,30;939;66,144
568;20800;59;2,10;944;66,144
569;20800;59;1,40;937;66,144
570;22900;59;2,40;932;66,144
571;12600;59;3,20;933;66,144
572;8500;59;1,70;1086;66,144
573;8500;59;2,80;1086;66,144
574;10500;59;2,30;984;66,144
575;19800;59;2,70;984;66,144
576;16700;59;2,20;978;66,144
577;16700;59;2,00;978;66,144
578;16700;59;2,10;979;66,144
579;13600;59;2,20;979;66,144
580;17800;59;2,20;975;66,144
581;16700;59;1,90;982;66,144
582;18800;59;1,80;978;66,144
583;19700;60;1,50;987;66,144
584;19700;60;1,30;983;66,144
585;22800;60;1,30;979;66,144
586;18700;60;1,40;975;66,144
587;16600;60;1,80;983;66,144
588;19700;60;2,00;980;66,144
589;5200;60;2,40;984;66,144
590;4200;60;3,20;996;66,144
591;15600;60;3,10;913;66,144
592;15600;60;3,50;978;66,144
593;21800;60;2,70;980;66,144
594;20700;60;2,90;975;66,144
595;17600;60;2,20;979;66,144
596;15600;60;2,10;986;66,144
597;12500;50;1,90;946;66,144
598;17600;50;1,50;948;66,144
599;25800;60;1,70;981;66,144
600;24800;60;2,60;984;66,144
601;21700;59;1,70;994;66,144
602;28900;60;1,30;993;66,144
603;25800;59;0,70;992;66,144
604;23800;61;0,70;992;66,144
605;26800;62;1,00;991;66,144
606;25800;62;0,90;990;66,144
607;27900;60;0,90;987;66,144
608;25800;60;1,40;991;66,144
609;28900;60;1,60;985;66,144
610;28900;60;1,50;998;66,768
611;21600;0;1,40;1047;66,768
612;25800;0;3,50;1041;66,768
613;26800;0;4,30;1040;66,768
614;25800;0;4,00;1049;66,768
615;29900;0;3,00;1041;66,768
616;27800;0;3,70;1037;66,768
617;25800;0;4,20;1036;66,768
618;26800;0;3,70;1037;66,768
619;25800;0;3,70;1047;66,768
620;27800;61;2,90;1036;66,768
621;31900;60;2,80;1032;66,768
622;16400;61;3,30;1044;66,768
623;28800;61;3,50;1037;66,768
624;25700;60;2,70;1041;66,768
625;23600;61;2,60;1040;66,768
626;25700;61;2,60;1041;66,768
627;26700;60;1,70;1041;66,768
628;24700;60;1,80;1031;66,768
629;27800;60;1,90;1040;66,768
630;30800;60;1,30;1040;66,768
631;28800;60;1,80;1037;66,768
632;26700;60;1,50;1032;66,768
633;20500;60;2,50;1036;66,768
634;27800;60;1,90;1031;66,768
635;27800;59;2,30;1030;66,768
636;24700;60;2,00;1031;66,768
637;23600;60;1,80;1037;66,768
638;28800;59;1,50;1038;66,768
639;27800;60;1,50;1039;66,768
640;27800;57;1,30;1060;66,768
641;29800;57;1,50;1043;66,768
642;28800;58;1,70;1032;66,768
643;36000;57;1,70;1034;66,768
644;36000;57;1,20;1035;66,768
645;31900;57;1,50;1033;66,768
646;29800;60;2,00;1026;66,768
647;15400;60;3,10;1058;66,768
648;24700;61;3,80;1034;66,768
649;18500;61;4,00;1035;66,768
650;18500;61;4,40;1034;66,768
651;12300;61;4,70;1037;66,768
652;17400;61;3,50;1034;66,768
653;22600;61;2,40;1037;66,768
654;22600;61;2,10;1033;66,768
655;24700;61;3,90;1028;66,768
656;23600;61;3,20;921;66,768
657;16400;61;2,90;1034;66,768
658;24700;61;2,50;1029;66,768
659;27800;61;2,00;1035;66,768
660;28800;61;1,80;1035;66,768
661;32900;61;1,70;1030;66,768
662;29800;61;1,50;949;66,768
663;31900;61;1,50;957;66,768
664;33900;61;1,50;956;66,768
665;28800;61;2,50;955;66,768
666;28800;61;2,40;956;66,768
667;30800;61;1,50;953;66,768
668;27800;61;1,80;956;66,768
669;35000;0;1,60;962;66,768
670;32900;0;2,30;958;66,768
671;32900;0;2,00;962;66,768
672;36000;0;2,10;968;66,768
673;37100;0;1,40;964;66,768
674;34000;0;1,10;956;66,768
675;38000;63;1,60;962;66,768
676;43200;63;2,20;958;66,768
677;41100;63;2,00;958;66,768
678;38000;63;1,50;959;66,768
679;40100;63;1,70;952;66,768
680;32900;63;2,10;959;66,768
681;37000;63;3,00;954;66,768
682;38000;63;1,60;960;66,768
683;38000;62;2,50;949;66,768
684;37000;62;2,50;952;66,768
685;37000;63;2,70;952;66,768
686;38000;63;2,50;959;66,768
687;40100;63;2,70;959;66,768
688;16400;63;2,00;964;66,768
689;32900;63;1,50;960;66,768
690;32900;63;1,70;955;66,768
691;32900;63;1,60;955;66,768
692;26700;63;1,90;953;66,768
693;30800;63;1,70;953;66,768
694;29800;62;1,70;975;66,768
695;32900;63;1,40;963;66,768
696;34900;62;2,30;1042;66,768
697;37000;59;2,20;968;66,768
698;34900;61;2,00;976;66,768
699;18300;61;2,20;986;66,768
700;21400;61;1,60;990;66,768
701;29700;61;1,60;985;66,768
702;35900;62;1,50;981;66,768
703;32800;61;1,40;987;66,768
704;34800;61;2,00;980;66,768
705;28700;60;2,00;962;66,768
706;35900;60;2,10;953;66,768
707;35900;60;2,00;963;66,768
708;34800;60;1,90;972;66,768
709;39000;60;1,90;957;66,768
710;39000;60;2,00;946;66,768
711;40000;60;1,80;946;66,768
712;35900;60;3,00;941;66,768
713;34800;60;3,10;943;66,768
714;36900;60;2,60;957;66,768
715;33800;60;3,50;948;66,768
716;34800;60;4,50;954;66,768
717;31800;60;3,90;948;66,768
718;35900;60;4,20;956;66,768
719;33800;60;4,30;954;66,768
720;30700;60;5,20;954;66,768
721;23500;60;4,40;958;66,768
722;35900;60;4,60;949;66,768
723;33800;60;4,60;950;66,768
724;19400;60;5,70;966;66,768
725;28700;60;5,90;1035;66,768
726;28700;61;4,10;960;67,392
727;39000;61;2,50;1003;67,392
728;37900;61;2,90;1003;67,392
729;35900;61;3,70;1000;67,392
730;35900;61;4,10;991;67,392
731;39000;61;4,00;1006;67,392
732;34800;61;4,30;993;67,392
733;34800;61;5,20;994;67,392
734;40000;61;3,90;996;67,392
735;37900;61;3,30;996;67,392
736;36900;61;4,00;992;67,392
737;36900;61;3,70;993;67,392
738;35900;61;2,90;993;67,392
739;29700;61;4,70;993;67,392
740;11100;61;5,90;1009;67,392
741;27600;61;5,70;996;67,392
742;23500;61;6,30;991;67,392
743;26600;61;6,10;992;67,392
744;33800;61;6,30;984;67,392
745;26600;61;6,10;989;67,392
746;18300;61;7,30;994;67,392
747;24500;61;5,70;990;67,392
748;34800;61;6,50;985;67,392
749;34800;61;4,80;985;67,392
750;35900;61;4,40;991;67,392
751;28700;61;3,20;997;67,392
752;30700;61;5,70;1055;67,392
753;24500;61;6,50;1002;67,392
754;35900;61;5,90;995;67,392
755;36700;0;4,80;974;67,392
756;24500;0;2,00;989;67,392
757;28600;0;2,90;985;67,392
758;24500;0;2,70;991;67,392
759;17300;0;5,10;986;67,392
760;23500;0;4,30;983;67,392
761;34800;60;3,30;981;67,392
762;37900;60;2,80;971;67,392
763;31700;60;3,70;981;67,392
764;31700;60;4,80;980;67,392
765;35800;60;2,70;979;67,392
766;36900;60;1,50;984;67,392
767;37900;60;1,50;991;67,392
768;36900;60;2,00;984;67,392
769;34800;60;2,30;983;67,392
770;37900;60;2,00;984;67,392
771;35800;60;2,20;1002;67,392
772;38900;60;2,90;1000;67,392
773;36900;60;2,30;1008;67,392
774;35800;60;1,70;1007;67,392
775;35800;60;1,60;998;67,392
776;40000;60;2,00;1000;67,392
777;34800;60;2,50;1000;67,392
778;38900;60;2,20;1000;67,392
779;34800;60;2,90;998;67,392
780;40000;60;3,40;995;67,392
781;33800;60;3,70;998;67,392
782;36900;60;3,80;996;67,392
783;37900;60;2,00;1005;67,392
784;28700;0;1,30;1041;67,392
785;29700;0;2,00;1034;67,392
786;26600;0;2,40;1024;67,392
787;30700;0;3,30;1020;67,392
788;30700;0;2,50;1015;67,392
789;30700;0;3,10;1012;67,392
790;25600;61;2,50;1019;67,392
791;39800;61;2,10;1047;67,392
792;30500;61;1,30;1030;67,392
793;39800;61;2,30;1017;67,392
794;35600;61;1,50;1020;67,392
795;38700;61;1,50;1034;67,392
796;37700;61;1,60;1052;67,392
797;36700;61;1,30;1038;67,392
798;33600;61;2,60;1027;67,392
799;36700;61;2,70;1026;67,392
800;38700;61;1,30;1029;67,392
801;39800;61;1,60;1036;67,392
802;35600;61;2,20;1030;67,392
803;36700;61;2,20;1050;67,392
804;34600;61;1,90;1038;67,392
805;37700;61;2,90;1026;67,392
806;39800;61;1,50;1037;67,392
807;35600;61;1,30;1035;67,392
808;38700;61;1,50;1052;67,392
809;38700;61;1,30;998;67,392
810;37700;61;1,60;982;67,392
811;35600;61;1,90;992;67,392
812;34600;61;2,00;1003;67,392
813;41800;60;1,70;1017;67,392
814;36700;61;2,40;1016;67,392
815;38800;61;1,50;1016;67,392
816;39800;61;2,10;1007;67,392
817;38800;61;2,60;1000;67,392
818;32600;61;2,40;1003;67,392
819;34700;61;3,20;1000;67,392
820;35700;61;3,50;1017;67,392
821;34700;61;3,10;1013;67,392
822;30500;61;2,80;1022;67,392
823;33600;61;2,70;1020;67,392
824;34700;61;2,50;1033;67,392
825;35700;61;2,20;1029;67,392
826;36700;60;2,10;1019;67,392
827;36700;61;2,60;1016;67,392
828;34700;61;2,70;1019;67,392
829;33600;61;2,30;1031;67,392
830;36700;61;1,90;1028;67,392
831;33600;61;2,10;1023;67,392
832;38800;61;1,50;1019;67,392
833;38800;61;1,60;1019;67,392
834;40800;60;1,80;1019;67,392
835;37800;61;1,80;1036;67,392
836;34700;61;1,70;1023;67,392
837;36700;61;1,80;1020;67,392
838;32600;61;1,90;1020;67,392
839;33600;61;1,60;1023;67,392
840;25400;60;1,90;1114;67,392
841;4700;60;2,50;1041;67,392
842;36800;0;4,00;1001;67,392
843;29600;0;2,90;1015;67,392
844;36800;0;2,10;1010;67,392
845;32700;0;2,50;1010;67,392
846;37900;0;1,20;1018;67,392
847;36600;61;2,20;1010;67,392
848;37700;62;2,30;1004;67,392
849;31500;61;1,90;1026;67,392
850;36600;61;1,90;1026;67,392
851;36600;61;1,70;1032;67,392
852;36600;61;1,70;1018;67,392
853;36600;61;1,20;1028;68,016
854;34600;61;1,40;1023;68,016
855;38700;61;1,30;1027;68,016
856;37700;61;1,60;1025;68,016
857;37700;61;1,70;1024;68,016
858;34600;61;1,60;1026;68,016
859;29400;61;2,50;1035;68,016
860;38700;61;3,30;1031;68,016
861;36600;61;1,80;1026;68,016
862;36600;61;1,70;1036;68,016
863;34600;61;1,80;1044;68,016
864;37700;61;1,70;1038;68,016
865;38700;61;1,90;1026;68,016
866;35600;61;2,10;1026;68,016
867;35600;61;2,20;1021;68,016
868;30400;47;2,10;1021;68,016
869;38700;62;2,60;1070;68,016
870;33500;62;2,10;1055;68,016
871;28500;0;1,70;982;68,016
872;31600;0;1,70;986;68,016
873;35700;0;2,20;976;68,016
874;35700;0;1,90;966;68,016
875;35700;0;2,10;966;68,016
876;37700;0;2,00;966;68,016
877;34600;59;1,70;1023;68,016
878;33600;61;1,80;996;68,016
879;36600;61;1,60;1002;68,016
880;36600;61;1,90;993;68,016
881;35600;60;2,30;999;68,016
882;34500;61;2,50;994;68,016
883;36600;60;3,10;998;68,016
884;34500;60;3,30;1025;68,016
885;30400;60;4,40;1025;68,016
886;32500;61;4,60;1015;68,016
887;37600;61;3,20;1008;68,016
888;35600;61;2,10;1031;68,016
889;32500;61;2,30;1021;68,016
890;33500;60;2,40;1020;68,016
891;35600;60;2,10;1022;68,016
892;30400;60;1,80;1030;68,016
893;34500;61;1,90;1046;68,016
894;36600;60;1,60;1017;68,016
895;38700;60;2,00;1016;68,016
896;36600;61;1,40;1014;68,016
897;36600;61;1,40;1017;68,016
898;31400;60;3,10;1015;68,016
899;31600;0;3,30;968;68,016
900;32700;0;2,90;981;68,016
901;34800;0;2,70;980;68,016
902;28600;0;3,20;980;68,016
903;31700;0;3,50;981;68,016
904;29600;0;3,70;981;68,016
905;30700;0;3,70;981;68,016
906;31700;0;3,30;972;68,016
907;32700;0;3,10;968;68,016
908;29600;0;3,70;966;68,016
909;30700;0;4,50;967;68,016
910;28600;0;3,30;963;68,016
911;31500;59;2,70;968;68,016
912;23300;59;3,30;971;68,016
913;31500;59;4,20;940;68,016
914;29500;59;2,40;940;68,016
915;26400;61;1,70;995;68,016
916;28400;61;2,00;1015;68,016
917;32600;61;1,80;1015;68,016
918;30500;61;1,70;1014;68,016
919;34600;61;1,40;1003;68,016
920;30500;61;1,60;1008;68,016
921;29500;61;1,60;1008;68,016
922;36700;61;2,10;1006;68,016
923;34600;61;2,20;1006;68,016
924;31500;61;2,40;1010;68,016
925;30500;60;2,00;1001;68,016
926;36700;60;1,80;1010;68,016
927;28400;60;2,10;1080;68,016
928;26400;0;1,20;1011;68,016
929;30500;0;1,30;1008;68,016
930;30500;0;1,10;1009;68,016
931;31500;0;1,50;1018;68,016
932;34600;0;1,70;1015;68,016
933;32600;0;1,60;1014;68,016
934;35700;0;1,40;1009;68,016
935;35700;0;1,80;1005;68,016
936;20900;0;1,50;1015;68,016
937;35700;0;1,70;1027;68,016
938;32800;0;1,90;1031;68,016
939;30800;0;2,30;1018;68,016
940;29800;0;2,50;1019;68,016
941;28800;0;2,60;1010;68,016
942;29800;0;3,20;1009;68,016
943;27800;62;2,90;1008;68,016
944;26900;61;3,00;1018;68,016
945;27900;61;3,90;1014;68,016
946;26900;61;3,70;1013;68,016
947;25900;60;3,50;1012;68,016
948;29800;60;3,30;1012;68,016
949;28900;60;3,20;1009;68,016
950;30800;60;2,70;1013;68,016
951;22900;60;2,90;1024;68,016
952;23900;60;3,00;1018;68,016
953;22900;60;2,70;1015;68,016
954;19900;60;2,90;1017;68,016
955;19900;60;2,90;1054;68,016
956;12000;60;3,30;1021;68,016
957;32800;0;4,10;1000;68,016
958;33800;0;3,50;1018;68,016
959;36700;0;1,40;1003;68,016
960;35700;0;1,00;988;68,016
961;34700;0;2,50;991;68,016
962;31800;0;3,10;1002;68,016
963;34700;0;3,30;1008;68,016
964;34700;0;3,00;1026;68,016
965;29800;0;2,10;1028;68,016
966;31800;0;2,10;1021;68,016
967;32800;0;1,60;1034;68,016
968;34700;0;1,30;1023;68,016
969;33800;0;1,50;1020;68,016
970;19900;0;1,50;1021;68,016
971;35700;0;1,10;996;68,016
972;33800;0;0,90;985;68,016
973;29800;0;1,20;1003;68,016
974;32800;0;2,00;1003;68,016
975;35800;63;2,00;1019;68,016
976;31800;63;2,50;1018;68,016
977;33800;63;4,00;1015;68,016
978;35800;63;2,70;1012;68,016
979;36800;63;2,30;1004;68,64
980;37800;63;1,90;1003;68,64
981;35800;63;2,10;1003;68,64
982;34800;63;3,40;1008;68,64
983;33800;63;3,80;1021;68,64
984;39800;63;2,60;1047;68,64
985;25900;63;2,50;1014;68,64
986;33800;0;2,10;1023;68,64
987;29800;0;2,10;1024;68,64
988;33800;0;2,00;970;68,64
989;36700;0;1,60;951;68,64
990;31800;0;2,40;950;68,64
991;32800;0;4,10;950;68,64
992;31800;0;3,10;951;68,64
993;34800;0;3,20;951;68,64
994;29800;0;2,90;948;68,64
995;35800;0;1,90;959;68,64
996;37700;0;1,20;954;68,64
997;43700;0;1,40;951;68,64
998;41700;0;1,50;932;68,64
999;38700;0;2,40;940;68,64
1000;41700;0;1,70;936;68,64
1001;38700;0;2,10;940;68,64
1002;39700;0;2,40;936;68,64
1003;38700;0;2,80;927;68,64
1004;41700;0;3,40;927;68,64
1005;32800;0;2,60;940;68,64
1006;35800;0;2,90;936;68,64
1007;30800;0;3,00;940;68,64
1008;29800;0;2,70;943;68,64
1009;39700;0;2,80;930;68,64
1010;36700;0;2,60;933;68,64
1011;37700;0;3,80;944;68,64
1012;34800;0;3,60;938;68,64
1013;24900;59;3,20;945;68,64
1014;31800;0;2,60;976;68,64
1015;34800;0;2,10;965;68,64
1016;37800;0;2,20;955;68,64
1017;31800;0;3,60;942;68,64
1018;36800;0;3,70;947;68,64
1019;39800;0;2,00;949;68,64
1020;37800;0;1,90;945;68,64
1021;38800;0;2,70;937;68,64
1022;38800;0;2,50;954;68,64
1023;39800;0;2,00;951;68,64
1024;37800;0;1,70;948;68,64
1025;29200;0;1,90;961;68,64
1026;32200;0;1,70;966;68,64
1027;32200;0;1,70;933;68,64
1028;35100;0;1,70;950;68,64
1029;27300;0;1,30;953;68,64
1030;35100;0;1,40;947;68,64
1031;37100;0;2,30;940;68,64
1032;40100;0;2,30;942;68,64
1033;41100;0;2,20;936;68,64
1034;39100;0;1,90;938;68,64
1035;40100;0;2,10;947;68,64
1036;38100;0;2,60;934;68,64
1037;32200;0;2,70;925;68,64
1038;38100;0;3,20;924;68,64
1039;39100;0;3,30;927;68,64
1040;24300;60;2,50;932;68,64
1041;35200;60;2,50;934;68,64
1042;35200;60;2,70;940;68,64
1043;29300;61;2,60;913;68,64
1044;36200;61;2,50;947;68,64
1045;37200;60;2,00;949;68,64
1046;37200;61;2,10;956;68,64
1047;34200;61;2,20;951;68,64
1048;34200;61;2,20;940;68,64
1049;35200;60;2,10;940;68,64
1050;41100;61;1,80;939;68,64
1051;32200;0;1,90;956;68,64
1052;38100;0;1,80;951;68,64
1053;38100;0;1,70;957;68,64
1054;37100;0;1,60;956;68,64
1055;40100;0;1,90;949;68,64
1056;40100;0;1,60;949;68,64
1057;40100;0;1,60;952;68,64
1058;40100;0;1,70;952;68,64
1059;39100;0;1,60;956;68,64
1060;39100;0;1,80;947;68,64
1061;38100;0;1,80;952;68,64
1062;37100;0;1,80;960;68,64
1063;39100;0;1,80;954;68,64
1064;38100;0;1,90;962;68,64
1065;39100;0;2,40;958;68,64
1066;42100;0;1,90;952;68,64
1067;40100;0;2,00;951;68,64
1068;39100;0;1,50;955;68,64
1069;35200;61;1,50;960;68,64
1070;35200;61;1,90;950;68,64
1071;32200;61;2,20;996;68,64
1072;41200;61;1,50;958;68,64
1073;39200;61;1,50;976;68,64
1074;38200;61;1,70;978;68,64
1075;39200;61;1,60;955;68,64
1076;40100;61;1,70;950;68,64
1077;32300;61;2,60;959;68,64
1078;35200;61;2,90;961;68,64
1079;36200;61;2,30;963;68,64
1080;38200;61;1,90;954;68,64
1081;38200;61;1,90;954;68,64
1082;41100;60;1,80;960;68,64
1083;36200;60;1,70;964;68,64
1084;42100;61;2,20;960;68,64
1085;39200;60;1,80;960;68,64
1086;40100;61;2,30;954;68,64
1087;39200;61;2,20;954;68,64
1088;38200;61;1,80;950;68,64
1089;36100;61;1,90;950;68,64
1090;34200;61;1,70;960;68,64
1091;33200;61;1,60;954;68,64
1092;34200;61;2,10;952;68,64
1093;29200;60;2,50;951;68,64
1094;32200;61;2,80;960;68,64
1095;28300;61;2,80;952;68,64
1096;29200;61;2,80;954;68,64
1097;30200;60;2,50;952;68,64
1098;28300;60;2,40;960;68,64
1099;20400;61;2,50;1075;68,64
1100;33200;0;2,20;1003;68,64
1101;35200;0;1,70;964;68,64
1102;31300;0;1,80;1004;68,64
1103;37200;0;2,20;1000;68,64
1104;36200;0;2,20;1013;68,64
1105;35000;0;1,80;1008;68,64
1106;36000;0;1,90;1023;68,64
1107;36000;0;1,90;965;68,64
1108;36000;0;1,90;959;68,64
1109;32000;61;1,90;915;68,64
1110;36000;62;2,40;947;68,64
1111;36000;61;2,40;953;68,64
1112;33000;61;2,50;953;68,64
1113;33000;61;2,50;948;68,64
1114;34000;62;2,40;945;68,64
1115;33000;61;2,40;939;68,64
1116;32000;61;2,30;947;68,64
1117;30000;61;2,20;954;68,64
1118;29000;62;1,80;952;68,64
1119;34000;62;1,60;947;68,64
1120;37000;61;1,80;947;68,64
1121;37000;61;2,00;955;68,64
1122;38000;61;2,10;949;68,64
1123;36000;61;2,10;950;68,64
1124;35000;62;2,60;944;68,64
1125;37000;61;2,70;948;68,64
1126;40000;61;2,50;952;68,64
1127;40000;61;2,70;943;68,64
1128;34000;61;2,70;1027;68,64
1129;12000;42;4,40;723;63,024
1130;17000;52;1,50;738;63,024
1131;17000;52;1,50;754;63,024
1132;15000;53;2,40;744;63,024
1133;16000;61;3,30;746;63,024
1134;14000;60;3,00;745;63,024
1135;15000;58;3,30;745;63,024
1136;17000;58;3,10;729;63,024
1137;17000;58;3,20;738;63,024
1138;17000;56;2,60;740;63,024
1139;17000;55;1,80;748;63,024
1140;23000;54;1,10;747;63,024
1141;25000;53;1,50;790;63,024
1142;25000;60;1,50;787;63,024
1143;25000;60;2,00;769;63,024
1144;26000;60;2,30;752;63,024
1145;26000;60;2,50;756;63,024
1146;24000;0;1,10;737;63,024
1147;25000;0;1,00;771;63,024
1148;27000;0;1,00;757;63,024
1149;29000;0;0,80;808;63,024
1150;29000;0;0,90;795;63,024
1151;27000;0;1,00;800;63,024
1152;29000;0;1,30;788;63,024
1153;30000;0;1,50;835;63,024
1154;28000;0;1,40;809;63,024
1155;28000;0;1,40;784;63,024
1156;26000;0;1,30;785;63,024
1157;26000;0;1,30;780;63,024
1158;19000;60;2,00;770;63,024
1159;22000;60;2,70;771;63,024
1160;20000;60;2,70;771;63,024
1161;20000;60;2,30;770;63,024
1162;21000;60;2,40;768;63,024
1163;19000;60;2,60;767;63,024
1164;20000;60;2,60;758;63,024
1165;22000;60;2,70;757;63,024
1166;19000;60;2,90;758;63,024
1167;20000;60;3,80;745;63,024
1168;15000;60;3,70;753;63,024
1169;16000;60;3,80;746;63,024
1170;14000;60;3,80;765;63,024
1171;16000;60;3,30;750;63,024
1172;19000;60;4,00;750;63,024
1173;15000;60;3,50;750;63,024
1174;20000;0;2,70;772;63,024
1175;25000;0;2,40;747;63,024
1176;26000;0;2,00;726;63,024
1177;28000;0;1,80;761;63,024
1178;25000;0;1,80;792;63,024
1179;27000;0;2,80;787;63,024
1180;25000;0;2,40;636;63,024
1181;27000;0;2,40;788;63,024
1182;27000;0;1,60;792;63,024
1183;29000;0;1,30;788;63,024
1184;28000;0;1,70;823;63,024
1185;29000;0;2,10;799;64,272
1186;24000;62;2,70;796;64,272
1187;24000;62;1,80;794;64,272
1188;27000;61;1,90;786;64,272
1189;24000;62;2,20;780;64,272
1190;21000;61;2,60;786;64,272
1191;23000;62;2,80;787;64,272
1192;20000;62;2,90;779;64,272
1193;20000;62;3,10;777;64,272
1194;19000;62;3,30;777;64,272
1195;19000;62;3,10;791;64,272
1196;19000;62;3,30;808;64,272
1197;19000;62;3,00;805;64,272
1198;18000;62;3,10;799;64,272
1199;18000;62;3,30;790;64,272
1200;15000;62;3,50;786;64,272
1201;16000;62;3,40;811;64,272
1202;13000;61;3,20;780;64,272
1203;25000;0;2,30;825;64,272
1204;22000;0;2,50;722;64,272
1205;25000;0;2,10;768;64,272
1206;22000;0;1,80;781;64,272
1207;23000;0;1,30;818;64,272
1208;21000;0;1,60;788;64,272
1209;19000;0;2,30;780;64,272
1210;21000;0;2,20;770;64,272
1211;23000;0;2,40;765;64,272
1212;23000;0;3,20;786;64,272
1213;23000;0;3,20;782;64,272
1214;23000;51;2,90;829;64,272
1215;23000;51;3,70;790;64,272
1216;23000;60;4,20;788;64,272
1217;24000;60;4,10;791;64,272
1218;24000;60;3,80;803;64,272
1219;24000;60;3,50;789;64,272
1220;23000;60;4,00;790;64,272
1221;25000;60;3,30;786;64,272
1222;23000;60;3,50;783;64,272
1223;23000;60;2,90;782;64,272
1224;24000;60;2,80;787;64,272
1225;23000;60;2,80;809;64,272
1226;23000;60;2,80;825;64,272
1227;22000;61;2,80;817;64,272
1228;22000;60;2,80;806;64,272
1229;22000;60;2,80;794;64,272
1230;19000;60;3,00;794;64,272
1231;22000;60;2,10;826;64,272
1232;24000;0;1,20;797;64,272
1233;20000;0;1,70;842;64,272
1234;24000;0;1,40;814;64,272
1235;26000;0;1,50;808;64,272
1236;27000;0;1,90;794;64,272
1237;24000;0;1,70;822;64,272
1238;26000;0;1,80;799;64,272
1239;27000;0;1,90;792;64,272
1240;27000;0;1,90;802;64,272
1241;27000;0;2,20;783;64,272
1242;18000;0;2,10;801;64,272
1243;17000;0;2,30;831;64,272
1244;25000;50;2,10;839;64,272
1245;21000;50;2,10;818;64,272
1246;24000;50;2,40;797;64,272
1247;24000;51;2,80;817;64,272
1248;21000;50;2,80;831;64,272
1249;24000;51;2,90;806;64,272
1250;25000;50;3,10;800;64,272
1251;22000;51;3,00;791;64,272
1252;20000;51;2,60;807;64,272
1253;22000;51;2,90;821;64,272
1254;22000;51;3,30;833;64,272
1255;21000;51;3,30;822;64,272
1256;24000;51;3,40;818;64,272
1257;21000;51;3,50;872;64,272
1258;20000;62;2,80;775;64,272
1259;20000;62;2,10;777;64,272
1260;18000;62;2,90;828;64,272
1261;23000;0;1,80;825;64,272
1262;20000;0;1,60;840;64,272
1263;27000;0;1,70;809;64,272
1264;27000;0;1,70;807;64,272
1265;28000;0;2,00;813;64,272
1266;29000;0;2,10;812;64,272
1267;27000;0;2,30;812;64,272
1268;26000;0;2,30;803;64,272
1269;22000;0;1,60;803;64,272
1270;26000;0;2,10;817;64,272
1271;27000;0;2,10;803;64,272
1272;28000;0;2,10;798;64,272
1273;22000;51;2,30;793;64,272
1274;23000;51;3,30;794;64,272
1275;21000;51;3,40;800;64,272
1276;22000;51;3,30;802;64,272
1277;18000;51;3,90;812;64,272
1278;21000;51;4,00;804;64,272
1279;18000;51;3,40;797;64,272
1280;20000;51;3,50;799;64,272
1281;22000;51;3,60;795;64,272
1282;23000;51;3,00;801;64,272
1283;21000;51;3,30;791;64,272
1284;22000;51;4,00;803;64,272
1285;22000;51;3,50;813;64,272
1286;21000;51;3,60;818;64,272
1287;22000;51;3,50;808;64,272
1288;18000;51;3,30;823;64,272
1289;20000;51;2,90;808;64,272
1290;29000;0;1,90;628;64,272
1291;32000;0;2,10;633;64,272
1292;28000;0;2,50;637;64,272
1293;22000;0;2,60;690;64,272
1294;27000;0;2,90;844;64,272
1295;15000;60;2,80;701;62,4
1296;11000;60;3,70;705;62,4
1297;13000;59;3,00;714;62,4
1298;12000;59;2,70;724;62,4
1299;9000;60;2,90;757;62,4
1300;9000;59;2,80;753;62,4
1301;10000;59;3,00;754;62,4
1302;9000;59;3,20;754;62,4
1303;8000;59;2,60;744;62,4
1304;8000;60;2,90;739;62,4
1305;9000;59;2,60;739;62,4
1306;9000;59;2,70;732;62,4
1307;9000;60;2,30;699;62,4
1308;8000;59;2,40;708;62,4
1309;17000;63;2,30;707;62,4
1310;15000;63;2,40;717;62,4
1311;13000;63;2,40;708;62,4
1312;14000;63;2,10;711;62,4
1313;13000;63;2,30;705;62,4
1314;14000;63;2,40;710;62,4
1315;13000;62;2,20;704;62,4
1316;16000;62;2,60;705;62,4
1317;17000;60;2,70;704;62,4
1318;17000;62;2,70;705;62,4
1319;15000;60;2,60;703;62,4
1320;15000;62;2,40;700;62,4
1321;15000;59;2,70;696;62,4
1322;13000;59;2,50;701;62,4
1323;10000;59;2,80;701;62,4
1324;13000;59;2,90;692;62,4
1325;11000;60;2,40;691;62,4
1326;11000;59;2,40;692;62,4
1327;15000;59;2,90;699;62,4
1328;13000;55;2,40;774;62,4
1329;12000;55;3,20;765;62,4
1330;15000;56;3,30;753;62,4
1331;19000;55;3,00;740;62,4
1332;13000;55;3,20;746;62,4
1333;11000;55;3,70;751;62,4
1334;12000;56;3,40;764;62,4
1335;13000;55;3,50;759;62,4
1336;14000;55;3,70;755;62,4
1337;16000;56;3,90;756;62,4
1338;14000;56;2,90;770;62,4
1339;14000;56;3,70;769;62,4
1340;11000;56;4,00;765;62,4
1341;15000;56;3,50;764;62,4
1342;11000;56;3,60;770;62,4
1343;13000;56;3,50;766;62,4
1344;13000;56;3,70;766;62,4
1345;16000;56;2,50;766;62,4
1346;14000;56;2,90;750;62,4
1347;14000;62;2,30;759;62,4
1348;16000;62;3,20;763;62,4
1349;15000;62;3,20;756;62,4
1350;18000;63;3,20;750;62,4
1351;15000;62;2,80;738;62,4
1352;15000;66;2,70;754;62,4
1353;14000;65;3,50;754;62,4
1354;13000;66;3,40;753;62,4
1355;15000;66;3,60;754;62,4
1356;14000;65;3,50;754;62,4
1357;15000;65;3,30;751;62,4
1358;15000;65;3,20;751;62,4
1359;14000;65;3,20;750;62,4
1360;15000;65;3,30;750;62,4
1361;14000;65;3,30;750;62,4
1362;16000;66;3,30;750;62,4
1363;10000;66;3,50;758;62,4
1364;13000;65;3,20;750;62,4
1365;13000;66;2,80;750;62,4
1366;13000;65;3,30;763;62,4
1367;17000;54;2,50;769;62,4
1368;16000;51;4,40;777;62,4
1369;17000;51;4,30;778;62,4
1370;19000;51;4,40;768;62,4
1371;15000;51;3,50;765;62,4
1372;15000;51;3,60;768;62,4
1373;17000;51;2,90;740;62,4
1374;17000;50;2,70;731;62,4
1375;13000;50;2,30;708;62,4
1376;10000;50;3,00;708;62,4
1377;15000;49;2,90;708;62,4
1378;14000;49;2,80;708;62,4
1379;12000;49;2,70;708;62,4
1380;14000;48;2,60;708;62,4
1381;11000;48;2,60;709;62,4
1382;12000;47;2,80;704;62,4
1383;12000;46;2,90;708;62,4
1384;12000;46;2,90;708;62,4
1385;15000;46;2,60;705;62,4
1386;16000;56;2,10;701;62,4
1387;16000;56;3,20;695;62,4
1388;11000;56;2,70;674;62,4
1389;18000;56;2,40;707;62,4
1390;17000;56;3,10;708;62,4
1391;15000;56;3,10;707;62,4
1392;13000;56;3,00;709;62,4
1393;16000;56;3,30;707;62,4
1394;19000;56;3,50;709;62,4
1395;16000;56;3,30;712;62,4
1396;16000;56;3,00;707;62,4
1397;16000;56;2,70;708;62,4
1398;14000;56;2,70;710;62,4
1399;16000;56;2,80;713;62,4
1400;14000;56;3,00;707;62,4
1401;12000;56;2,70;713;62,4
1402;13000;56;2,40;711;62,4
1403;14000;56;2,20;707;62,4
1404;13000;56;2,20;714;62,4
1405;17000;57;2,80;707;62,4
1406;15000;58;4,90;708;62,4
1407;16000;57;4,40;698;62,4
1408;18000;57;3,90;718;62,4
1409;20000;57;3,90;705;62,4
1410;18000;57;4,30;699;62,4
1411;20000;57;3,70;693;62,4
1412;18000;57;3,50;692;62,4
1413;19000;58;3,70;692;62,4
1414;19000;57;3,70;700;62,4
1415;16000;58;3,70;692;62,4
1416;17000;57;3,30;700;62,4
1417;14000;58;4,30;707;62,4
1418;15000;57;3,70;698;62,4
1419;13000;57;3,80;697;62,4
1420;12000;57;3,60;710;62,4
1421;11000;57;3,70;715;62,4
1422;13000;57;4,00;710;62,4
1423;12000;57;3,00;715;62,4
1424;14000;56;3,30;693;62,4
1425;19000;55;5,40;694;62,4
1426;18000;56;5,20;688;62,4
1427;21000;55;4,50;687;62,4
1428;20000;56;4,10;676;62,4
1429;18000;52;4,30;680;62,4
1430;21000;53;4,10;713;62,4
1431;21000;53;3,90;708;62,4
1432;17000;52;4,10;707;62,4
1433;18000;53;4,50;728;62,4
1434;10000;52;5,40;726;62,4
1435;12000;53;5,50;726;62,4
1436;6000;53;5,70;723;62,4
1437;11000;53;5,20;706;62,4
1438;13000;55;5,20;703;62,4
1439;13000;56;6,30;704;62,4
1440;14000;55;5,90;704;62,4
1441;9000;55;7,00;703;62,4
1442;9000;55;7,30;728;62,4
1443;15000;55;5,70;696;62,4
1444;15000;55;5,50;686;62,4
1445;13000;55;4,80;690;62,4
1446;17000;55;4,40;683;62,4
1447;12000;55;3,70;687;62,4
1448;14000;55;4,40;682;62,4
1449;9000;51;3,50;701;62,4
1450;7000;51;5,20;709;62,4
1451;5000;51;4,60;732;62,4
1452;7000;51;4,70;746;62,4
1453;10000;51;4,20;732;62,4
1454;8000;51;4,50;728;62,4
1455;8000;51;4,60;725;62,4
1456;12000;51;4,10;720;62,4
1457;10000;51;4,00;716;62,4
1458;8000;51;4,50;712;62,4
1459;7000;51;4,40;711;62,4
1460;9000;51;4,80;711;62,4
1461;7000;51;4,50;711;62,4
1462;32000;0;3,70;696;62,4
1463;29000;0;2,80;669;62,4
1464;29000;0;2,30;651;62,4
1465;21000;0;2,40;698;62,4
1466;36000;0;3,10;686;62,4
1467;33000;0;3,50;683;62,4
1468;36000;0;3,90;679;62,4
1469;35000;0;3,20;684;62,4
1470;36000;0;3,80;691;62,4
1471;18000;55;4,10;697;62,4
1472;14000;55;4,50;717;62,4
1473;12000;55;6,50;722;62,4
1474;13000;55;5,70;737;62,4
1475;10000;55;4,40;741;62,4
1476;15000;55;5,20;754;62,4
1477;12000;55;6,80;734;62,4
1478;7000;55;8,00;750;62,4
1479;11000;55;8,00;729;62,4
1480;11000;55;8,30;737;62,4
1481;12000;52;4,90;689;62,4
1482;7000;52;6,30;679;62,4
1483;9000;52;4,30;670;62,4
1484;14000;52;3,70;652;62,4
1485;2000;56;2,70;766;62,4
1486;7000;56;4,30;746;62,4
1487;6000;56;5,20;730;62,4
1488;10000;56;5,50;727;62,4
1489;9000;56;5,40;726;62,4
1490;6000;56;5,50;750;62,4
1491;5000;56;5,40;749;62,4
1492;14000;56;5,40;739;62,4
1493;11000;56;4,90;724;62,4
1494;11000;56;6,10;733;62,4
1495;10000;56;5,90;738;62,4
1496;3000;56;6,30;805;62,4
1497;3000;56;5,50;733;62,4
1498;5000;56;5,20;738;62,4
1499;7000;55;4,10;757;62,4
1500;5000;55;3,90;747;62,4
1501;10000;51;3,20;751;62,4
1502;13000;51;4,80;754;62,4
1503;18000;51;3,90;747;62,4
1504;19000;51;3,70;760;62,4
1505;16000;51;3,70;754;62,4
1506;18000;51;4,20;751;62,4
1507;19000;51;4,60;745;62,4
1508;13000;51;4,70;751;62,4
1509;18000;51;4,60;751;62,4
1510;18000;51;4,70;747;62,4
1511;20000;51;3,70;747;62,4
1512;19000;51;3,70;747;62,4
1513;22000;51;3,70;747;62,4
1514;23000;51;2,90;753;62,4
1515;22000;51;2,70;747;62,4
1516;22000;51;3,60;755;62,4
1517;22000;51;3,40;898;62,4
1518;22000;51;2,80;755;62,4
1519;22000;51;2,80;745;62,4
1520;19000;0;2,30;751;62,4
1521;22000;0;1,60;745;62,4
1522;24000;0;1,40;761;62,4
1523;28000;0;1,40;763;62,4
1524;18000;0;1,60;782;62,4
1525;12000;0;2,20;758;62,4
1526;15000;0;3,00;754;62,4
1527;18000;0;3,50;748;62,4
1528;20000;0;4,00;763;62,4
1529;19000;50;4,30;759;62,4
1530;14000;50;6,30;754;62,4
1531;10000;50;4,50;765;62,4
1532;9000;50;4,10;635;62,4
1533;14000;50;4,30;764;62,4
1534;13000;50;4,40;760;62,4
1535;14000;50;4,20;758;62,4
1536;11000;50;4,40;836;62,4
1537;13000;50;4,70;801;62,4
1538;18000;50;4,40;759;62,4
1539;19000;51;2,70;737;62,4
1540;19000;51;4,60;724;62,4
1541;20000;51;4,00;716;62,4
1542;23000;51;3,60;754;62,4
1543;20000;51;3,50;742;62,4
1544;22000;51;3,90;741;62,4
1545;23000;51;4,40;740;62,4
1546;25000;51;4,70;741;62,4
1547;27000;51;4,60;740;62,4
1548;26000;51;4,60;744;62,4
1549;25000;51;4,50;753;62,4
1550;27000;51;4,10;744;62,4
1551;26000;51;2,70;762;62,4
1552;26000;51;2,90;747;62,4
1553;14000;51;3,50;750;62,4
1554;17000;51;3,30;750;62,4
1555;18000;51;4,60;747;62,4
1556;18000;51;4,60;758;62,4
1557;12000;51;4,30;816;62,4
1558;19000;52;2,26;733;62,4
1559;22000;52;4,94;750;62,4
1560;25000;52;4,69;769;62,4
1561;23000;52;4,06;767;62,4
1562;25000;52;3,00;766;62,4
1563;25000;52;4,69;745;62,4
1564;23000;52;4,25;741;62,4
1565;24000;52;4,69;745;62,4
1566;24000;52;3,52;744;62,4
1567;24000;52;4,25;745;62,4
1568;25000;52;3,39;744;62,4
1569;26000;52;3,66;738;62,4
1570;23000;52;3,52;735;62,4
1571;25000;52;3,66;735;62,4
1572;23000;52;3,45;737;62,4
1573;22000;52;3,45;738;62,4
1574;27000;52;3,89;736;62,4
1575;24000;52;3,05;736;62,4
1576;25000;52;3,73;738;62,4
1577;13000;62;2,44;740;62,4
1578;14000;61;3,66;689;62,4
1579;12000;61;4,46;689;62,4
1580;15000;61;4,57;699;62,4
1581;18000;61;4,69;691;62,4
1582;21000;61;4,81;692;62,4
1583;15000;61;5,72;691;62,4
1584;16000;61;4,94;698;62,4
1585;23000;61;4,69;684;62,4
1586;22000;61;3,89;678;62,4
1587;23000;61;4,16;685;62,4
1588;13000;61;4,35;709;62,4
1589;12000;61;4,46;739;62,4
1590;11000;61;4,46;745;62,4
1591;11000;61;4,35;740;62,4
1592;12000;61;5,38;731;62,4
1593;16000;61;4,94;730;62,4
1594;11000;61;4,25;731;62,4
1595;15000;61;3,89;740;62,4
1596;14000;61;1,99;728;62,4
1597;17000;61;4,16;703;62,4
1598;19000;61;4,35;688;62,4
1599;18000;61;4,25;745;62,4
1600;20000;61;3,15;754;62,4
1601;20000;61;3,52;745;62,4
1602;25000;61;4,25;738;62,4
1603;27000;61;3,66;737;62,4
1604;24000;61;3,89;736;62,4
1605;26000;61;4,16;745;62,4
1606;16000;61;4,57;753;62,4
1607;15000;61;4,94;753;62,4
1608;22000;61;4,69;758;62,4
1609;23000;61;4,50;753;62,4
1610;18000;61;4,60;752;62,4
1611;17000;61;3,90;752;62,4
1612;15000;61;4,00;753;62,4
1613;15000;61;3,70;752;62,4
1614;15000;61;3,50;752;62,4
1615;19000;60;3,30;744;62,4
1616;18000;60;4,80;745;62,4
1617;19000;60;4,90;734;62,4
1618;20000;60;4,20;730;62,4
1619;22000;60;3,80;722;62,4
1620;19000;60;4,10;713;62,4
1621;17000;60;4,20;712;62,4
1622;18000;60;4,40;711;62,4
1623;20000;60;4,10;705;62,4
1624;21000;60;4,10;696;62,4
1625;22000;60;3,40;699;62,4
1626;23000;60;4,10;706;62,4
1627;20000;61;4,00;707;62,4
1628;20000;62;4,60;720;62,4
1629;16000;63;4,80;725;62,4
1630;17000;64;4,40;733;62,4
1631;12000;62;4,30;720;62,4
1632;15000;63;3,80;725;62,4
1633;10000;66;4,30;760;62,4
1634;16000;67;4,70;751;62,4
1635;21000;60;5,50;732;62,4
1636;17000;60;6,80;738;62,4
1637;18000;60;7,30;735;62,4
1638;24000;60;8,30;737;62,4
1639;24000;60;10,80;724;62,4
1640;22000;60;10,80;720;62,4
1641;25000;60;10,80;715;62,4
1642;27000;60;10,20;739;62,4
1643;26000;60;8,70;741;62,4
1644;29000;60;8,70;741;62,4
